KAMStructure,RH_NVH,BH_KAM_L1,Branch,Vertical,BVH,NVH,Director
NATIONAL VERTICALS,NVH INTERNATIONAL,AHM,AHMEDABAD,INTERNATIONAL,BVH - INTERNATIONAL - AHMEDABAD,NVH - INTERNATIONAL - INDIA,Director - INTERNATIONAL - INDIA
NATIONAL VERTICALS,NVH INTERNATIONAL,BAN,BANGALORE,INTERNATIONAL,BVH - INTERNATIONAL - BANGALORE,NVH - INTERNATIONAL - INDIA,Director - INTERNATIONAL - INDIA
NATIONAL VERTICALS,NVH INTERNATIONAL,BHO,BHOPAL,INTERNATIONAL,BVH - INTERNATIONAL - BHOPAL,NVH - INTERNATIONAL - INDIA,Director - INTERNATIONAL - INDIA
NATIONAL VERTICALS,NVH INTERNATIONAL,BHU,BHUBANESHWAR,INTERNATIONAL,BVH - INTERNATIONAL - BHUBANESHWAR,NVH - INTERNATIONAL - INDIA,Director - INTERNATIONAL - INDIA
NATIONAL VERTICALS,NVH INTERNATIONAL,CHA,CHANDIGARH,INTERNATIONAL,BVH - INTERNATIONAL - CHANDIGARH,NVH - INTERNATIONAL - INDIA,Director - INTERNATIONAL - INDIA
NATIONAL VERTICALS,NVH INTERNATIONAL,CHE,CHENNAI,INTERNATIONAL,BVH - INTERNATIONAL - CHENNAI,NVH - INTERNATIONAL - INDIA,Director - INTERNATIONAL - INDIA
NATIONAL VERTICALS,NVH INTERNATIONAL,COC,COCHIN,INTERNATIONAL,BVH - INTERNATIONAL - COCHIN,NVH - INTERNATIONAL - INDIA,Director - INTERNATIONAL - INDIA
NATIONAL VERTICALS,NVH INTERNATIONAL,DEL,DELHI,INTERNATIONAL,BVH - INTERNATIONAL - DELHI,NVH - INTERNATIONAL - INDIA,Director - INTERNATIONAL - INDIA
NATIONAL VERTICALS,NVH INTERNATIONAL,HYD,HYDERABAD,INTERNATIONAL,BVH - INTERNATIONAL - HYDERABAD,NVH - INTERNATIONAL - INDIA,Director - INTERNATIONAL - INDIA
NATIONAL VERTICALS,NVH INTERNATIONAL,JAI,JAIPUR,INTERNATIONAL,BVH - INTERNATIONAL - JAIPUR,NVH - INTERNATIONAL - INDIA,Director - INTERNATIONAL - INDIA
NATIONAL VERTICALS,NVH INTERNATIONAL,KOL,KOLKATTA,INTERNATIONAL,BVH - INTERNATIONAL - KOLKATTA,NVH - INTERNATIONAL - INDIA,Director - INTERNATIONAL - INDIA
NATIONAL VERTICALS,NVH INTERNATIONAL,LUC,LUCKNOW,INTERNATIONAL,BVH - INTERNATIONAL - LUCKNOW,NVH - INTERNATIONAL - INDIA,Director - INTERNATIONAL - INDIA
NATIONAL VERTICALS,NVH INTERNATIONAL,MUM,MUMBAI,INTERNATIONAL,BVH - INTERNATIONAL - MUMBAI,NVH - INTERNATIONAL - INDIA,Director - INTERNATIONAL - INDIA
NATIONAL VERTICALS,NVH INTERNATIONAL,NAG,NAGPUR,INTERNATIONAL,BVH - INTERNATIONAL - NAGPUR,NVH - INTERNATIONAL - INDIA,Director - INTERNATIONAL - INDIA
NATIONAL VERTICALS,NVH INTERNATIONAL,PAT,PATNA,INTERNATIONAL,BVH - INTERNATIONAL - PATNA,NVH - INTERNATIONAL - INDIA,Director - INTERNATIONAL - INDIA
NATIONAL VERTICALS,NVH INTERNATIONAL,PUN,PUNE,INTERNATIONAL,BVH - INTERNATIONAL - PUNE,NVH - INTERNATIONAL - INDIA,Director - INTERNATIONAL - INDIA
